{"cameraMode":{"drawMode":0,"name":"Shaded","section":"Shading Mode"},"sceneLighting":false,"audioPlay":false,"sceneViewState":{"m_AlwaysRefresh":false,"showFog":true,"showSkybox":false,"showFlares":true,"showImageEffects":true,"showParticleSystems":true,"showVisualEffectGraphs":true,"m_FxEnabled":true},"in2DMode":false,"pivot":{"x":5.149768352508545,"y":0.08999979496002197,"z":2.360805034637451},"rotation":{"x":0.21169418096542359,"y":-0.0058700405061244968,"z":0.001267520827241242,"w":0.9773310422897339},"size":1.3542715311050416,"orthographic":false}