{"cameraMode":{"drawMode":0,"name":"Shaded","section":"Shading Mode"},"sceneLighting":false,"audioPlay":false,"sceneViewState":{"m_AlwaysRefresh":false,"showFog":true,"showSkybox":false,"showFlares":true,"showImageEffects":true,"showParticleSystems":true,"showVisualEffectGraphs":true,"m_FxEnabled":true},"in2DMode":false,"pivot":{"x":-0.006751358509063721,"y":-0.058446139097213748,"z":-0.03609573841094971},"rotation":{"x":0.2210790365934372,"y":0.08617562800645828,"z":-0.019618120044469835,"w":0.9712541699409485},"size":1.2954638004302979,"orthographic":false}