{"cameraMode":{"drawMode":0,"name":"Shaded","section":"Shading Mode"},"sceneLighting":false,"audioPlay":false,"sceneViewState":{"m_AlwaysRefresh":false,"showFog":true,"showSkybox":false,"showFlares":true,"showImageEffects":true,"showParticleSystems":true,"showVisualEffectGraphs":true,"m_FxEnabled":true},"in2DMode":false,"pivot":{"x":-2.2789461612701418,"y":0.869551956653595,"z":0.03612448275089264},"rotation":{"x":0.2210790365934372,"y":0.08617562800645828,"z":-0.019618120044469835,"w":0.9712541699409485},"size":2.625532627105713,"orthographic":false}