{"cameraMode":{"drawMode":0,"name":"Shaded","section":"Shading Mode"},"sceneLighting":false,"audioPlay":false,"sceneViewState":{"m_AlwaysRefresh":false,"showFog":true,"showSkybox":false,"showFlares":true,"showImageEffects":true,"showParticleSystems":true,"showVisualEffectGraphs":true,"m_FxEnabled":true},"in2DMode":false,"pivot":{"x":6.179155349731445,"y":3.647881507873535,"z":-1.4978039264678956},"rotation":{"x":0.4999372065067291,"y":-0.027276722714304925,"z":0.015755057334899904,"w":0.8654962778091431},"size":2.867880344390869,"orthographic":false}